Node cla ACC,shot:3,test GNN:GCN,lr_cls:0.01,82.2+0.7
Link pre AUC,shot:3,test GNN:GCN,lr_lp:0.01,89.8+7.7
Link pre ACC,shot:3,test GNN:GCN,lr_lp:0.01,75.0+0.6
Cluster  NMI,shot:3,test GNN:GCN,cluster:kmeans,67.1+2.0
Cluster  ARI,shot:3,test GNN:GCN,cluster:kmeans,46.7+3.4
****************************************************************
    
Node cla ACC,shot:5,test GNN:GCN,lr_cls:0.01,84.7+1.0
Link pre AUC,shot:5,test GNN:GCN,lr_lp:0.01,83.8+6.2
Link pre ACC,shot:5,test GNN:GCN,lr_lp:0.01,74.7+0.8
Cluster  NMI,shot:5,test GNN:GCN,cluster:kmeans,64.7+1.7
Cluster  ARI,shot:5,test GNN:GCN,cluster:kmeans,44.5+1.9
****************************************************************
    
Link pre AUC,shot:3,test GNN:GCN,lr_lp:0.001,95.1+0.3
Link pre ACC,shot:3,test GNN:GCN,lr_lp:0.001,77.1+0.6
